{
    "configurations": [
        {
            "name": "Linux",
            "includePath": [
                "${workspaceFolder}/**",
                "${vcpkgRoot}/x64-linux/include",
                "${workspaceFolder}/spdlog/include"
            ],
            "defines": [],
            "compilerPath": "/usr/bin/gcc",
            "cStandard": "c11",
            "cppStandard": "c++17",
            "intelliSenseMode": "clang-x64",
            "configurationProvider": "vector-of-bool.cmake-tools"
        }
    ],
    "version": 4
}