{
    // 使用 IntelliSense 了解相关属性。 
    // 悬停以查看现有属性的描述。
    // 欲了解更多信息，请访问: https://go.microsoft.com/fwlink/?linkid=830387
    "version": "0.2.0",
    "configurations": [
        {
            "name": "g++-7 build and debug active file",
            "type": "cppdbg",
            "request": "launch",
            "program": "${workspaceFolder}/build/linux/x64/bin/test.out",
            "args": [],
            "stopAtEntry": false,
            "cwd": "${workspaceFolder}/build/linux/x64/bin/",
            "environment": [],
            "externalConsole": false,
            "MIMode": "gdb",
            "setupCommands": [
                {
                    "description": "Enable pretty-printing for gdb",
                    "text": "-enable-pretty-printing",
                    "ignoreFailures": true
                }
            ],
            //"preLaunchTask": "g++-7 build active file", //之前的构建
            "miDebuggerPath": "/usr/bin/gdb"
        }
    ]
}